Manufacturing_site,Product,API,Assignment,Note,Process,Activity,Start_with,End_with
CMO1,ProductA,API-001,User1,Note 1,Process-A,APQR,2025-06-01,2025-06-01
CMO1,ProductB,API-002,User2,Note 2,Process-B,BRM,2025-06-02,2025-06-05
CMO2,ProductC,API-003,User3,Note 3,Process-C,Inspection,2025-06-03,2025-06-07
CMO2,ProductD,API-004,User4,Note 4,Process-D,PV,2025-06-08,2025-06-15
CMO3,ProductE,API-005,User1,Note 5,Process-A,APQR,2025-06-10,2025-06-10
CMO3,ProductF,API-006,User2,Note 6,Process-B,BRM,2025-06-12,2025-06-14
CMO1,ProductI,API-009,User1,Note 9,Process-A,APQR,2025-07-01,2025-07-01
CMO1,ProductJ,API-010,User2,Note 10,Process-B,BRM,2025-07-02,2025-07-03
CMO2,ProductK,API-011,User3,Note 11,Process-C,Inspection,2025-07-04,2025-07-08
CMO2,ProductL,API-012,User4,Note 12,Process-D,PV,2025-07-05,2025-07-12
CMO3,ProductM,API-013,User1,Note 13,Process-A,APQR,2025-07-10,2025-07-10
CMO3,ProductN,API-014,User2,Note 14,Process-B,BRM,2025-07-15,2025-07-17